date,naive,seasonal_naive,sarima,ucm,lgbm,actual
2015-02-01,7.172997269905634,8.784776429265362,6.6299759470513635,7.188487928890243,6.428139571841699,6.302513993479963
2015-03-01,6.302513993479963,8.929288321414049,6.125323405195718,6.296997160681461,6.377942310472531,6.27615465497211
2015-04-01,6.27615465497211,9.17953793149741,6.070321365932755,6.2857197044544435,5.834773647758276,5.785117896205283
2015-05-01,5.785117896205283,9.285864646649504,5.526114204746928,5.812461812438482,5.991427932317877,5.737699034226185
2015-06-01,5.737699034226185,9.2013682505166,5.9808385333349605,5.737742871496372,6.289493629500546,6.09755410713726
2015-07-01,6.09755410713726,9.309218085024009,5.552949297423309,6.152739584945317,6.2767790319030095,4.3651086336694345
2015-08-01,4.3651086336694345,9.269330883683793,4.329493041597174,4.39885724517855,4.861406686608756,4.347824289969582
2015-09-01,4.347824289969582,8.712417295854605,4.710266300246499,4.372527714631487,4.9093583848550075,5.138377249268333
2015-10-01,5.138377249268333,8.545035998759879,6.076298273624171,5.092306305095541,5.2316992061216565,6.324155024841804
2015-11-01,6.324155024841804,8.376948212035465,7.116046015111841,6.299370819289134,7.1237168146144905,6.719379841116524
2015-12-01,6.719379841116524,8.719224682311781,6.437121030546374,6.709340424785435,6.960295442478011,6.324155024841804
2016-01-01,6.324155024841804,8.676324553354194,5.872656540825837,6.299030467759307,6.654043062750424,5.905546252736382
2016-02-01,5.905546252736382,8.363089613115884,6.3093500703595256,5.88982279917827,5.708034761475675,5.533602065543053
2016-03-01,5.533602065543053,8.13845571715875,5.478253248145812,5.529777182607045,5.441588583833092,5.511774555926174
2016-04-01,5.511774555926174,7.702892843919384,5.53760882306021,5.503832110635339,5.4013485663287595,5.859348035024925
2016-05-01,5.859348035024925,7.811621871742736,5.6484823792876115,5.883449371165342,5.618315747493476,6.58909819559681
2016-06-01,6.58909819559681,7.882916780872673,7.032595899552058,6.600748872623786,5.668689501961803,6.130261023044636
2016-07-01,6.130261023044636,7.48273473853344,7.104271873569137,6.113859096157953,6.49813498330487,6.463848469818312
2016-08-01,6.463848469818312,7.282180271066707,6.235923107179985,6.488492673177474,6.987483756738004,5.302995795548382
2016-09-01,5.302995795548382,7.3795240738372625,4.435101184242261,5.354989780329751,5.272209933594276,4.135295857726495
2016-10-01,4.135295857726495,7.454434964048798,3.9125836588076863,4.141685454150751,3.460738731661933,3.3456461508111213
2016-11-01,3.3456461508111213,7.434162368002769,3.3856586935427373,3.347539921053703,3.720640763962938,2.592575379973927
2016-12-01,2.592575379973927,7.1047692306688885,2.1954521722758775,2.5808964184842473,2.7328439746028486,2.230398373580811
2017-01-01,2.230398373580811,6.7727885438533475,2.226413478330901,2.203187252503481,2.86472663787799,1.858681508130644
2017-02-01,1.858681508130644,6.187525992998662,2.7763275573614585,1.8422279816596367,2.6695073121815707,2.6217056115485526
2017-03-01,2.6217056115485526,6.161454122373944,2.7092544735418276,2.626644446908181,2.3829194809392797,2.6119239199245525
2017-04-01,2.6119239199245525,6.241371536795952,2.0755579532375164,2.627101167165506,2.0255131985423396,2.2140356665017125
2017-05-01,2.2140356665017125,6.448114635198306,1.3695065680730154,2.277116441020727,2.2070614594783184,1.0909160044108024
2017-06-01,1.0909160044108024,6.240441961945582,1.6625376507124539,1.1022199199922391,2.851187887109781,1.0830389642991545
2017-07-01,1.0830389642991545,6.0209966193309254,1.550729747719688,1.0964336304803664,2.9643341457031083,1.785755965668523
2017-08-01,1.785755965668523,5.467288868994435,2.9127503619844495,1.7800716820802145,3.149097063046209,2.518064086602312
2017-09-01,2.518064086602312,5.19206236682493,3.351411739506606,2.532348879796705,3.3787370696229866,2.8881353628831707
2017-10-01,2.8881353628831707,4.8830170306828045,3.4725083070657856,2.8681264310502255,3.5347969775528716,3.2374303672247473
2017-11-01,3.2374303672247473,4.475723201777204,3.7692319291660383,3.210806866080014,3.829437618299815,3.971174327182325
2017-12-01,3.971174327182325,4.804096087839678,4.273563108943794,3.9417092105948397,4.668522225742878,4.000057036389215
2018-01-01,4.000057036389215,4.979075010257554,4.692853043520219,3.95398415844105,4.329775119145531,5.109551727592332
2018-02-01,5.109551727592332,4.819273890190523,5.493147922279058,5.111934199801598,4.762128626900516,4.744522413620378
2018-03-01,4.744522413620378,4.799951043607613,4.3538922817738355,4.742303118134853,4.694590905096672,4.363664017643254
2018-04-01,4.363664017643254,4.619500532577306,4.32215058514439,4.358019243841073,4.002704195727086,3.971174327182325
2018-05-01,3.971174327182325,4.472571078077932,4.28356808411353,3.9847209979166927,3.9531675349134585,3.956890682655101
2018-06-01,3.956890682655101,4.436951364827016,4.356706240976368,3.9583976764421576,3.4872556605464196,3.928532416134267
2018-07-01,3.928532416134267,4.2049043563854225,3.5553568931143116,3.9584033473933595,3.7344054187200917,5.614035409561802
2018-08-01,5.614035409561802,4.056294724040092,6.796587581675848,5.623700311101779,6.525251753777465,5.614035409561802
2018-09-01,5.614035409561802,4.0539361566259995,6.143215353034493,5.631784818503062,5.132136688945898,5.614035409561802
2018-10-01,5.614035409561802,4.302410514292557,5.607489204710091,5.599130058515701,4.885276640073668,5.22651257350637
2018-11-01,5.22651257350637,4.427709849424258,4.647134409905062,5.221744962735823,4.571491518282762,4.8610770724977215
2018-12-01,4.8610770724977215,4.184870144937277,5.346857634368983,4.83090532516207,4.890500848186888,5.244785606363234
2019-01-01,5.244785606363234,4.291259829486453,5.144265917768963,5.237549898808165,4.77717245915343,6.5971371256887235
2019-02-01,6.5971371256887235,4.299943363570661,7.383517968439852,6.581970418615102,7.013675716791425,6.968622707366312
2019-03-01,6.968622707366312,4.162454164497993,7.015474157779985,6.946281399935683,7.2572465121049,7.665521412488241
2019-04-01,7.665521412488241,4.014852676236321,8.501066600079879,7.636289669841642,7.582263344988505,8.333287948515466
2019-05-01,8.333287948515466,3.878968294220904,8.781976258309772,8.332929107454623,8.932591598082125,8.650538436837119
2019-06-01,8.650538436837119,3.7139441344926865,8.846558729459879,8.637063125718731,9.348231093202209,8.591089371297155
2019-07-01,8.591089371297155,4.621213281682878,6.750607996725808,8.666221358395546,9.458098831323008,5.980012488937558
2019-08-01,5.980012488937558,4.478365097237499,6.305017476427422,5.988155858151177,7.061064469083816,6.3122112801681896
2019-09-01,6.3122112801681896,4.212488876723822,6.788224606032762,6.327171783666456,7.031589946699496,6.976695711986669
2019-10-01,6.976695711986669,3.9365296971807466,7.417435750563501,6.944365046855297,7.24594536956188,7.61588028156821
2019-11-01,7.61588028156821,3.808275593217991,8.049079929204808,7.591034447437354,7.954530947637475,8.609263497581466
2019-12-01,8.609263497581466,3.8250803387777537,8.935035425502452,8.58259661682329,9.305983556652006,9.634546589903415
2020-01-01,9.634546589903415,4.521790120470566,8.216014863471704,9.662697476518591,9.201407571704811,7.491931844308008
2020-02-01,7.491931844308008,4.778283577511748,7.27642940291922,7.487526722004126,6.914242366021572,6.840433594182427
2020-03-01,6.840433594182427,4.880369783352016,6.308598301166355,6.843200752502997,6.470091543557142,5.501594303316093
2020-04-01,5.501594303316093,4.839499314066501,5.022326342954591,5.502458624101899,4.6126611417428105,5.448694047827529
2020-05-01,5.448694047827529,4.566115041301007,5.551770281083294,5.467450112122041,5.979513638345693,5.09554193155215
2020-06-01,5.09554193155215,4.534220250576859,5.437581897734154,5.090580312697939,4.980316024330141,5.063294280764863
2020-07-01,5.063294280764863,4.459934621389294,5.8643856725132455,5.055844817253215,4.939235486016327,5.329130998447873
2020-08-01,5.329130998447873,4.8147702587774335,5.197797589110652,5.3501395668563925,6.433480050674347,5.625035229993669
2020-09-01,5.625035229993669,5.1596221614772135,5.5380778604060845,5.664222782029781,6.028550157215007,5.636614572762322
2020-10-01,5.636614572762322,5.359941074099776,5.701810606120552,5.631192200924441,5.434041406355388,5.902144903661943
2020-11-01,5.902144903661943,5.813838299087171,5.4148660658055325,5.917303631986106,5.724002090417252,5.28476084361067
2020-12-01,5.28476084361067,6.293129744218621,4.173407986129224,5.30397721944425,5.335372928326746,3.686607470335179
2021-01-01,3.686607470335179,6.399540232529688,3.907812961703481,3.657161664524006,4.259253629856586,3.162902928103306
2021-02-01,3.162902928103306,6.184526238389705,3.627283354976135,3.1489531218221583,4.512774410149056,4.494453663100861
2021-03-01,4.494453663100861,5.84359324448253,5.653464277327599,4.459156597038061,6.121622770635484,5.66568648756145
2021-04-01,5.66568648756145,5.91771877450844,5.61594619906716,5.664531165498985,5.94211486226615,5.139897674026872
2021-05-01,5.139897674026872,5.900990350348124,5.454845532370269,5.147305501554369,5.275579184216059,5.257641879886221
2021-06-01,5.257641879886221,5.860972022732095,5.53183778200121,5.251509735929338,4.629923935120217,5.577860839698823
2021-07-01,5.577860839698823,5.641059632315745,6.077868981596371,5.578296386103577,5.111717662843229,5.263890877177713
2021-08-01,5.263890877177713,5.850427306574553,5.026739778940793,5.29444339750642,4.887271824072788,4.811459022162423
2021-09-01,4.811459022162423,6.075781898103597,4.586000618593604,4.8521830927340925,5.4221930643859695,4.403006811514798
2021-10-01,4.403006811514798,6.248179252912174,3.814862368211971,4.410231170977855,3.861592211057359,4.518826100198758
2021-11-01,4.518826100198758,6.251700471229952,4.759893877260886,4.516962097554278,5.131476939511724,4.837359293268029
2021-12-01,4.837359293268029,6.188646555533943,5.694811628932663,4.8040932703899974,5.80881869010848,5.5555428221295555
2022-01-01,5.5555428221295555,5.750657299366679,6.389420122378348,5.504490250095849,6.328265917975487,5.837607887704643
2022-02-01,5.837607887704643,6.101169988216533,5.066043576635009,5.85987126024621,5.05792280937719,5.042048853857928
2022-03-01,5.042048853857928,6.277600734455262,4.728430966370147,5.044127047991893,4.5009416947945144,5.351197726349977
2022-04-01,5.351197726349977,6.307293223456623,5.938226579873647,5.333925533737717,5.4537903547509305,6.328001366370062
2022-05-01,6.328001366370062,6.334574082758497,6.530983016336879,6.335790188936239,6.366573023643455,6.965108604276438
2022-06-01,6.965108604276438,6.410748163920281,7.240070407941956,6.964959728593299,6.463571583135165,6.162694784322076
2022-07-01,6.162694784322076,5.524344788187714,6.612092299044369,6.15142137966893,6.521522912973846,5.7817631106883205
2022-08-01,5.7817631106883205,5.582901844108094,5.900154682827281,5.795315263200875,5.875183373285635,5.8536783343725585
2022-09-01,5.8536783343725585,5.672105698754597,6.141034526004432,5.877057248134373,6.527684168149562,6.488255169418533
2022-10-01,6.488255169418533,6.012283761809638,5.974890578920575,6.4933072702896695,5.779184608814056,6.084886396172373
2022-11-01,6.084886396172373,6.243794544820055,5.77461031844843,6.0890610970267405,5.635093966687182,5.409730004505708
2022-12-01,5.409730004505708,6.292232294122717,5.059995701645235,5.39908051803668,5.60889609353252,5.5023606568293415
2023-01-01,5.5023606568293415,5.497480886705318,6.215768639204212,5.462167580897717,6.228285878637603,6.155037139901132
2023-02-01,6.155037139901132,5.458978703713739,6.463046250725757,6.150916925489183,6.2618439780985,6.160034853325591
2023-03-01,6.160034853325591,5.506159505742507,5.841518887691667,6.168790708024162,5.87689835805276,5.793614547571058
2023-04-01,5.793614547571058,5.638864362741487,5.097683889573935,5.806219880797877,5.586545885995714,5.090099342761301
2023-05-01,5.090099342761301,5.772764138571603,4.469915570492742,5.120716801140164,4.847629331142317,4.418653739261358
2023-06-01,4.418653739261358,5.601283301595255,5.49093779110963,4.399991841960751,5.014710474869893,5.572774774951994
2023-07-01,5.572774774951994,5.458261662104635,6.996080642793746,5.551457214209094,6.399014331249352,7.54430241771511
2023-08-01,7.54430241771511,5.430057528842883,7.861608163096413,7.5551288472076665,6.999598767985222,6.912412198882967
2023-09-01,6.912412198882967,5.509292184565218,6.195952929814991,6.952143683353419,5.7518957386265175,4.722001975652046
2023-10-01,4.722001975652046,5.501952466677692,4.25218528835791,4.718866077877074,3.9120354850826153,4.452841148844522
2023-11-01,4.452841148844522,5.177283380461469,4.696595195260736,4.439994217375176,4.998971045190284,4.981121115306397
2023-12-01,4.981121115306397,4.914836983098026,4.808064834132411,4.974745080900526,5.526135616916519,4.913119122300058
2024-01-01,4.913119122300058,5.051849318569694,5.083547846348261,4.896052474396357,5.260707716533247,4.59341811463998
2024-02-01,4.59341811463998,5.232179123428127,4.64421793590835,4.593517683831439,4.8911318877240815,4.898237799890026
2024-03-01,4.898237799890026,5.603499587160829,4.623908527142569,4.898841847446654,4.683096720326689,4.201080450973227
2024-04-01,4.201080450973227,5.519332794386078,4.198908528243535,4.19599758629071,4.036151927701365,3.8747783319197815
2024-05-01,3.8747783319197815,5.547134741141339,4.221335959609377,3.887159735431363,3.7656248179150835,3.860394819385315
2024-06-01,3.860394819385315,5.771110132990965,3.422427695435268,3.8786399267907603,3.410173864197101,3.665688271434475
2024-07-01,3.665688271434475,6.196652135193713,2.8186820584701917,3.709565060745738,3.5675096019683985,2.1474714438209475
2024-08-01,2.1474714438209475,5.859183185139315,2.921282397228857,2.152467535821202,2.4684842087136123,2.4425390408502556
2024-09-01,2.4425390408502556,5.204421318861793,4.139161913520952,2.426010860198186,3.5590015851945282,4.218176537374929
2024-10-01,4.218176537374929,5.0188512150718845,4.24044191399021,4.208245635921993,3.839459335229538,4.407490379293244
2024-11-01,4.407490379293244,5.076070137693378,4.244529324044093,4.411141661756233,4.383201021385947,3.882097004465757
2024-12-01,3.882097004465757,5.323674200419652,3.869413915241016,3.8766426070381943,3.8472639801307724,3.530243394934618
2025-01-01,3.530243394934618,5.528687714081919,3.6229111844457713,3.5075124232447217,3.9279079034041224,3.0957071771397837
2025-02-01,3.0957071771397837,5.366773835691181,2.5192508466580428,3.108439966727454,2.7004967147072327,2.5861832882339453
2025-03-01,2.5861832882339453,5.115297574964753,3.1598197176857283,2.571908918788008,2.9374738473811157,2.951752709356392
