,forecast,p10,p90
2025-04-01,2.9402894011327616,1.6916554167548299,4.1889233855106935
2025-05-01,2.954180976540195,1.190464442081741,4.7178975109986485
2025-06-01,2.9683958753445183,0.810890935160161,5.125900815528876
2025-07-01,2.9680489309315807,0.4797801581501191,5.456317703713042
2025-08-01,2.97952521602369,0.20091805227814907,5.758132379769231
2025-09-01,3.0143585667403823,-0.025765842165791586,6.054482975646556
2025-10-01,3.0132872177045855,-0.26643494114845323,6.293009376557624
2025-11-01,3.004862447688509,-0.4970400100036576,6.506764905380676
2025-12-01,2.991413760238862,-0.7183822682519097,6.701209788729634
2026-01-01,2.9579179120356263,-0.9477670071812327,6.863602831252486
2026-02-01,2.9560571522043833,-1.1353675943226142,7.04748189873138
2026-03-01,2.9517527093439875,-1.316511782619099,7.2200172013070745
